model,accuracy,precision,recall,f1,roc_auc
Logistic Regression,0.46122448979591835,0.4528735632183908,0.8834080717488789,0.5987841945288754,0.4892930921549856
Random Forest,0.45918367346938777,0.38202247191011235,0.30493273542600896,0.33915211970074816,0.40845803731882235
