feature,importance
avg_tmax_c,0.20398469340060094
avg_tmin_c,0.2032401512959337
temp_range_c,0.2006695565496607
dryness_proxy,0.20002928119185434
year_index,0.09989306659421437
tot_prcp_mm,0.09218325096773594
