model,accuracy,precision,recall,f1,roc_auc
Logistic Regression v2,0.4163265306122449,0.4112676056338028,0.6547085201793722,0.5051903114186851,0.39995969164105405
Random Forest v2,0.44285714285714284,0.38207547169811323,0.3632286995515695,0.3724137931034483,0.3740279807191683
