metric_name,with_fire_risk,without_fire_risk,delta
RMSE,439352.0513419805,437892.39792572823,1459.6534162522876
MAE,180124.82918563564,177594.97863474366,2529.850550891977
MAPE,10511.03833930854,10440.632122856001,70.4062164525385
