model,rmse,mae,mape,covid_coef,non_zero_count,zero_count
LinearRegression,515829.7866877668,194560.88106091612,7754.6975874979735,0.0,9887,2821
RandomForest,999715.7012205296,165535.84650573978,40.4156773968053,,9887,2821
