model,rmse,mae,mape
Ensemble,439352.0513419805,180124.82918563564,10511.03833930854
PanelFE,432174.34610960603,205447.97642968968,13175.436454163875
LightGBM,751249.4142238478,127836.75243464544,227.4913957924546
