model,rmse,mae,mape
PanelFE,518221.8921797534,195538.36052717685,7337.406449264705
LightGBM,861906.5059256633,129174.7621487384,265.8574642262529
Ensemble,493988.0207269457,162450.9385537083,5848.924722934513
LinearRegression,515829.7866877668,194560.88106091614,7754.6975874979735
RandomForest,999715.7012205296,165535.84650573978,40.41567739680531
