model,rmse,mae,mape
PanelFE,518221.8921797534,195538.36052717685,7337.406449264705
