model,rmse,mae,mape
LightGBM,861906.5059256633,129174.7621487384,265.8574642262529
